<?xml version="1.0" encoding="UTF-8"?>
<metadata>
  <idinfo>
    <citation>
      <citeinfo>
        <origin/>
        <pubdate>20120705</pubdate>
        <title>District Boundaries: Uganda, 2010</title>
        <geoform>vector digital data</geoform>
        <pubinfo>
          <pubplace/>
          <publish>Uganda Bureau of Statistics</publish>
        </pubinfo>
        <othercit>Data originally accessed from Humanitarian Response Common Operational Dataset Registry: https://cod.humanitarianresponse.info/fr/node/4413. 05/25/2014.
</othercit>
        <onlink>http://purl.stanford.edu/vg894mz3698</onlink>
        <lworkcit>
          <citeinfo>
            <origin/>
            <pubdate>20120705</pubdate>
            <title>Uganda GIS Maps and Data, 2000-2010</title>
            <pubinfo>
              <pubplace/>
              <publish>Uganda Bureau of Statistics</publish>
            </pubinfo>
          </citeinfo>
        </lworkcit>
      </citeinfo>
    </citation>
    <descript>
      <abstract>This polygon shapefile represents the district boundaries in Uganda for 2006. These are the level 5 administrative (ADM5) boundaries. </abstract>
      <purpose>These data are intended for researchers, students, policy makers and the general public for reference and mapping purposes, and may be used for basic applications such as viewing, querying, and map output production.</purpose>
    </descript>
    <status>
      <progress>In work</progress>
      <update>As needed</update>
    </status>
    <spdom>
      <bounding>
        <westbc>3.000038</westbc>
        <eastbc>62.999932</eastbc>
        <northbc>-83.128945</northbc>
        <southbc>-89.693015</southbc>
      </bounding>
    </spdom>
    <keywords>
      <theme>
        <themekt>lcsh</themekt>
        <themekey>Districts</themekey>
        <themekey>Administrative and political divisions</themekey>
      </theme>
      <theme>
        <themekt>ISO 19115 Topic Categories</themekt>
        <themekey>boundaries</themekey>
      </theme>
      <place>
        <placekt>geonames</placekt>
        <placekey>Uganda</placekey>
      </place>
      <temporal>
        <tempkt>None</tempkt>
        <tempkey>2006</tempkey>
      </temporal>
    </keywords>
    <accconst>None</accconst>
    <useconst>No restrictions on access or use.</useconst>
    <ptcontac>
      <cntinfo>
        <cntorgp>
          <cntorg>Uganda Bureau of Statistics (UBOS)</cntorg>
        </cntorgp>
      </cntinfo>
    </ptcontac>
    <datacred>Uganda Bureau of Statistics. (2012). District Boundaries: Uganda, 2010. Uganda Bureau of Statistics.</datacred>
    <native>Microsoft Windows 7 Version 6.1 (Build 7601) Service Pack 1; Esri ArcGIS 10.2.2.3552</native>
  </idinfo>
  <spdoinfo>
    <direct>Vector</direct>
    <ptvctinf>
      <sdtsterm>
        <sdtstype>GT-polygon composed of chains</sdtstype>
        <ptvctcnt>112</ptvctcnt>
      </sdtsterm>
    </ptvctinf>
  </spdoinfo>
  <eainfo>
    <detailed xmlns="">
      <enttyp>
        <enttypl>Uganda_districts2010</enttypl>
      </enttyp>
      <attr>
        <attrlabl>FID</attrlabl>
        <attrdef>Internal feature number.</attrdef>
        <attrdefs>ESRI</attrdefs>
        <attrdomv>
          <udom>Sequential unique whole numbers that are automatically generated.</udom>
        </attrdomv>
      </attr>
      <attr>
        <attrlabl>Shape</attrlabl>
        <attrdef>Feature geometry.</attrdef>
        <attrdefs>ESRI</attrdefs>
        <attrdomv>
          <udom>Coordinates defining the features.</udom>
        </attrdomv>
      </attr>
      <attr>
        <attrlabl>D_06_ID</attrlabl>
      </attr>
      <attr>
        <attrlabl>DNAME_2006</attrlabl>
      </attr>
      <attr>
        <attrlabl>AREA</attrlabl>
      </attr>
      <attr>
        <attrlabl>PERIMETER</attrlabl>
      </attr>
      <attr>
        <attrlabl>HECTARES</attrlabl>
      </attr>
      <attr>
        <attrlabl>DNAME_2010</attrlabl>
      </attr>
      <attr>
        <attrlabl>SUBREGION</attrlabl>
      </attr>
      <attr>
        <attrlabl>COUNTRY</attrlabl>
      </attr>
    </detailed>
  </eainfo>
  <distinfo>
    <distrib>
      <cntinfo>
        <cntorgp>
          <cntorg>Stanford Geospatial Center</cntorg>
        </cntorgp>
        <cntaddr>
          <addrtype>physical</addrtype>
          <address>Branner Earth Sciences Library</address>
          <address>Mitchell Building, 2nd Floor</address>
          <address>397 Panama Mall</address>
          <city>Stanford</city>
          <state>California</state>
          <postal>94305</postal>
        </cntaddr>
        <cntvoice>650-723-2746</cntvoice>
        <cntemail>brannerlibrary@stanford.edu</cntemail>
      </cntinfo>
    </distrib>
    <distliab>No restrictions on access or use.</distliab>
  </distinfo>
  <metainfo>
    <metd>20141021</metd>
    <metc>
      <cntinfo>
        <cntorgp>
          <cntorg>Stanford Geospatial Center</cntorg>
        </cntorgp>
        <cntaddr>
          <addrtype>physical</addrtype>
          <address>Branner Earth Sciences Library</address>
          <address>Mitchell Building, 2nd Floor</address>
          <address>397 Panama Mall</address>
          <city>Stanford</city>
          <state>California</state>
          <postal>94305</postal>
        </cntaddr>
        <cntvoice>650-723-2746</cntvoice>
        <cntemail>brannerlibrary@stanford.edu</cntemail>
      </cntinfo>
    </metc>
    <metstdn>FGDC Content Standard for Digital Geospatial Metadata</metstdn>
    <metstdv>FGDC-STD-001-1998</metstdv>
    <mettc>local time</mettc>
  </metainfo>
</metadata>
